{"cameraMode":{"drawMode":0,"name":"Shaded","section":"Shading Mode"},"sceneLighting":true,"audioPlay":false,"sceneViewState":{"m_AlwaysRefresh":false,"showFog":true,"showSkybox":true,"showFlares":true,"showImageEffects":true,"showParticleSystems":true,"showVisualEffectGraphs":true,"m_FxEnabled":true},"in2DMode":false,"pivot":{"x":1.2030671834945679,"y":-1.8096356391906739,"z":4.03394079208374},"rotation":{"x":0.024442804977297784,"y":-0.8974810838699341,"z":0.05014091357588768,"w":0.4375317692756653},"size":23.121967315673829,"orthographic":false}