{"cameraMode":{"drawMode":0,"name":"Shaded","section":"Shading Mode"},"sceneLighting":true,"audioPlay":false,"sceneViewState":{"m_AlwaysRefresh":false,"showFog":true,"showSkybox":true,"showFlares":true,"showImageEffects":true,"showParticleSystems":true,"showVisualEffectGraphs":true,"m_FxEnabled":true},"in2DMode":false,"pivot":{"x":25.109973907470704,"y":-5.24904727935791,"z":28.749244689941408},"rotation":{"x":0.23818731307983399,"y":0.4169093072414398,"z":-0.11417587101459503,"w":0.8697307705879211},"size":14.873891830444336,"orthographic":false}