{"cameraMode":{"drawMode":0,"name":"Shaded","section":"Shading Mode"},"sceneLighting":true,"audioPlay":false,"sceneViewState":{"m_AlwaysRefresh":false,"showFog":true,"showSkybox":true,"showFlares":true,"showImageEffects":true,"showParticleSystems":true,"showVisualEffectGraphs":true,"m_FxEnabled":true},"in2DMode":false,"pivot":{"x":33.615482330322269,"y":1.8238661289215088,"z":26.232746124267579},"rotation":{"x":0.003239251906052232,"y":0.9913818836212158,"z":0.024978594854474069,"w":-0.12861646711826325},"size":3.6442174911499025,"orthographic":false}