{"cameraMode":{"drawMode":0,"name":"Shaded","section":"Shading Mode"},"sceneLighting":false,"audioPlay":false,"sceneViewState":{"m_AlwaysRefresh":false,"showFog":true,"showSkybox":false,"showFlares":true,"showImageEffects":true,"showParticleSystems":true,"showVisualEffectGraphs":true,"m_FxEnabled":true},"in2DMode":false,"pivot":{"x":17.724082946777345,"y":2.9771907329559328,"z":54.719913482666019},"rotation":{"x":0.0027795552741736175,"y":0.9967238306999207,"z":-0.07069599628448487,"w":0.03919157758355141},"size":2.1247448921203615,"orthographic":false}