{"cameraMode":{"drawMode":0,"name":"Shaded","section":"Shading Mode"},"sceneLighting":false,"audioPlay":false,"sceneViewState":{"m_AlwaysRefresh":false,"showFog":true,"showSkybox":false,"showFlares":true,"showImageEffects":true,"showParticleSystems":true,"showVisualEffectGraphs":true,"m_FxEnabled":true},"in2DMode":false,"pivot":{"x":17.040958404541017,"y":2.0899999141693117,"z":54.894996643066409},"rotation":{"x":0.016494808718562127,"y":0.019793933257460595,"z":-0.0003191415162291378,"w":0.9996774196624756},"size":1.2247449159622193,"orthographic":false}