{"cameraMode":{"drawMode":0,"name":"Shaded","section":"Shading Mode"},"sceneLighting":false,"audioPlay":false,"sceneViewState":{"m_AlwaysRefresh":false,"showFog":false,"showSkybox":false,"showFlares":false,"showImageEffects":false,"showParticleSystems":false,"showVisualEffectGraphs":true,"m_FxEnabled":true},"in2DMode":false,"pivot":{"x":-0.0924941897392273,"y":1.118796706199646,"z":2.260380744934082},"rotation":{"x":0.006301365792751312,"y":-0.9828749299049377,"z":0.034227773547172549,"w":0.1809922754764557},"size":0.9527074694633484,"orthographic":false}