{"cameraMode":{"drawMode":0,"name":"Shaded","section":"Shading Mode"},"sceneLighting":false,"audioPlay":false,"sceneViewState":{"m_AlwaysRefresh":false,"showFog":true,"showSkybox":false,"showFlares":true,"showImageEffects":true,"showParticleSystems":true,"showVisualEffectGraphs":true,"m_FxEnabled":true},"in2DMode":false,"pivot":{"x":5.960464477539063e-8,"y":0.8174678087234497,"z":-0.005579888820648193},"rotation":{"x":-0.17513592541217805,"y":0.5553340315818787,"z":-0.12098103761672974,"w":-0.8039243817329407},"size":1.5197559595108033,"orthographic":true}