{"cameraMode":{"drawMode":0,"name":"Shaded","section":"Shading Mode"},"sceneLighting":false,"audioPlay":false,"sceneViewState":{"m_AlwaysRefresh":false,"showFog":true,"showSkybox":false,"showFlares":true,"showImageEffects":true,"showParticleSystems":true,"showVisualEffectGraphs":true,"m_FxEnabled":true},"in2DMode":false,"pivot":{"x":17.040958404541017,"y":2.0899999141693117,"z":55.01261901855469},"rotation":{"x":-0.15655194222927094,"y":-0.36324456334114077,"z":0.06205786392092705,"w":-0.9163482785224915},"size":1.2772860527038575,"orthographic":false}