{"cameraMode":{"drawMode":0,"name":"Shaded","section":"Shading Mode"},"sceneLighting":false,"audioPlay":false,"sceneViewState":{"m_AlwaysRefresh":false,"showFog":true,"showSkybox":false,"showFlares":true,"showImageEffects":true,"showParticleSystems":true,"showVisualEffectGraphs":true,"m_FxEnabled":true},"in2DMode":false,"pivot":{"x":17.622821807861329,"y":2.215768337249756,"z":51.966922760009769},"rotation":{"x":-0.0038858470506966116,"y":0.9960120320320129,"z":0.0700259655714035,"w":0.05532320961356163},"size":3.324744939804077,"orthographic":false}