{"cameraMode":{"drawMode":0,"name":"Shaded","section":"Shading Mode"},"sceneLighting":false,"audioPlay":false,"sceneViewState":{"m_AlwaysRefresh":false,"showFog":true,"showSkybox":false,"showFlares":true,"showImageEffects":true,"showParticleSystems":true,"showVisualEffectGraphs":true,"m_FxEnabled":true},"in2DMode":false,"pivot":{"x":0.26990193128585818,"y":1.5384094715118409,"z":-5.901309490203857},"rotation":{"x":-0.031806640326976779,"y":0.6257702112197876,"z":-0.02555113658308983,"w":-0.7789474725723267},"size":3.305433988571167,"orthographic":false}