{"cameraMode":{"drawMode":0,"name":"Shaded","section":"Shading Mode"},"sceneLighting":true,"audioPlay":false,"sceneViewState":{"m_AlwaysRefresh":false,"showFog":true,"showSkybox":true,"showFlares":true,"showImageEffects":true,"showParticleSystems":true,"showVisualEffectGraphs":true,"m_FxEnabled":true},"in2DMode":false,"pivot":{"x":25.108558654785158,"y":-0.3744344711303711,"z":25.319438934326173},"rotation":{"x":0.2202676236629486,"y":0.36791107058525088,"z":-0.09015470743179321,"w":0.8988857269287109},"size":10.198874473571778,"orthographic":false}