{"cameraMode":{"drawMode":0,"name":"Shaded","section":"Shading Mode"},"sceneLighting":true,"audioPlay":false,"sceneViewState":{"m_AlwaysRefresh":false,"showFog":true,"showSkybox":true,"showFlares":true,"showImageEffects":true,"showParticleSystems":true,"showVisualEffectGraphs":true,"m_FxEnabled":true},"in2DMode":false,"pivot":{"x":26.964603424072267,"y":7.600608825683594,"z":26.60919952392578},"rotation":{"x":0.029306260868906976,"y":0.38829585909843447,"z":-0.012355576269328595,"w":0.9209851622581482},"size":9.839142799377442,"orthographic":false}