{"cameraMode":{"drawMode":0,"name":"Shaded","section":"Shading Mode"},"sceneLighting":false,"audioPlay":false,"sceneViewState":{"m_AlwaysRefresh":false,"showFog":true,"showSkybox":false,"showFlares":true,"showImageEffects":true,"showParticleSystems":true,"showVisualEffectGraphs":true,"m_FxEnabled":true},"in2DMode":false,"pivot":{"x":1.5715160369873047,"y":7.188198566436768,"z":0.6808717250823975},"rotation":{"x":-0.13005457818508149,"y":0.39387285709381106,"z":0.056312792003154758,"w":0.9082258939743042},"size":1.4660255908966065,"orthographic":false}